OBJECTID;Anlage;Adresse;Typ;Gruppe;Lon;Lat
1;Klettergarten Roßfall (ÖAV);Höttinger Alm;Klettergarten;Fitness/Klettern;11,364655117;47,29636926
2;Klettergarten Mühlauer Klamm;Rechenhofweg;Klettergarten;Fitness/Klettern;11,415853409;47,291733049
3;Klettergarten Mühlauer Klamm;Rechenhofweg;Klettergarten;Fitness/Klettern;11,41497595;47,291621558
4;Landeshauptschießstand Arzl;Eggenwaldweg 60;Schießstand;Sonstiges;11,427174571;47,290084024
5;Waldspielplatz Arzl;Eggenwaldweg;Fußballplatz;Fußball/Football;11,424568263;47,289503603
6;Waldspielplatz Arzl;Eggenwaldweg;Leichtathletikanlage;Sonstiges;11,424681349;47,289171096
7;Fitnessparkour Fit 2000 Hungerburg;Hungerburgweg;Fitnessparkour;Fitness/Klettern;11,397648771;47,286872561
8;Spielplatz Hungerburg;Gramartstraße;Sportplatz;Spielplatz;11,394771312;47,286657939
9;Tennisplätze Hungerburg;Gramartstraße 23;Tennisplatz;Tennis/Squash;11,393720261;47,284982744
10;Sporthalle VS Arzl;Framsweg 19;Sporthalle;Sporthalle;11,426270954;47,284730911
11;Tennisplätze Hungerburg;Gramartstraße 23;Tennisplatz;Tennis/Squash;11,393492636;47,284917392
12;Tennisplätze Hungerburg;Gramartstraße 23;Tennisplatz;Tennis/Squash;11,393912518;47,284671916
13;Tennisplätze Hungerburg;Gramartstraße 23;Tennisplatz;Tennis/Squash;11,393686454;47,284607131
14;Sporthalle VS Mühlau;Hauptplatz 3;Sporthalle;Sporthalle;11,412115502;47,28373819
15;Sportplatz Mühlenweg;Mühlenweg;Sportplatz;Spielplatz;11,41530601;47,283270794
16;Sportplatz Mühlenweg;Mühlenweg;Basketballplatz;Funsport;11,414924739;47,2832541
17;Spielplatz Gramartboden;Gramartstraße;Sportplatz;Spielplatz;11,37725755;47,282821958
18;Klettergarten Höttinger Steinbruch (ÖAV);Höhenstraße;Klettergarten;Fitness/Klettern;11,394337614;47,282198208
19;Spielplatz Jugendwohnheim Schwedenhaus;Rennweg 17b;Sportplatz;Spielplatz;11,399370482;47,277247743
20;Sportanlage BHAK/BHAS Innsbruck;Karl-Schönherr-Straße 2;Leichtathletikanlage;Sonstiges;11,400186834;47,276217985
21;Sporthalle VS Neuarzl;Rotadlerstraße 10;Sporthalle;Sporthalle;11,436496963;47,275197474
22;Sporthalle VS Neuarzl;Rotadlerstraße 10;Sporthalle;Sporthalle;11,436297026;47,275166225
23;Spielplatz Schützenstraße;Schützenstraße;Sportplatz;Spielplatz;11,435499764;47,274720814
24;Spielplatz Grenobler Brücke;Reichenauer Straße;Beachvolleyballplatz;Funsport;11,426741491;47,27487083
25;Spielplatz Grenobler Brücke;Reichenauer Straße;Streetballplatz;Funsport;11,427304843;47,274694398
26;Spielplatz Roßbachstraße;Roßbachstraße;Sportplatz;Spielplatz;11,42236284;47,274699436
27;Spielplatz Grenobler Brücke;Reichenauer Straße;Skate-/Rollerbladeplatz;Funsport;11,428054316;47,274362693
28;Spielplatz Kärntner Park;Kärntner Straße;Sportplatz;Spielplatz;11,413190116;47,274308419
29;Tennisclub IEV;Reichenauer Straße 144;Tennishalle;Tennis/Squash;11,42578451;47,274143307
30;Tennisclub IEV;Reichenauer Straße 144;Tennisplatz;Tennis/Squash;11,425807173;47,273741191
31;Sportanlage HS Reichenau;Burghard-Breitner-Straße 20-22;Sportplatz;Spielplatz;11,425121022;47,273612514
32;Sportanlage HS Reichenau;Burghard-Breitner-Straße 20-22;Leichtathletikanlage;Sonstiges;11,424768528;47,273635001
33;Sportanlage HS Reichenau;Burghard-Breitner-Straße 20-22;Leichtathletikanlage;Sonstiges;11,424773283;47,27342392
34;Tennisclub IEV;Reichenauer Straße 144;Tennisplatz;Tennis/Squash;11,427253035;47,273333351
35;Tennisclub IEV;Reichenauer Straße 144;Tennisplatz;Tennis/Squash;11,427028467;47,273331995
36;Tennisclub IEV;Reichenauer Straße 144;Tennisplatz;Tennis/Squash;11,426803428;47,273330619
37;Tennisclub IEV;Reichenauer Straße 144;Tennisplatz;Tennis/Squash;11,426578391;47,273329244
38;Tennisclub IEV;Reichenauer Straße 144;Tennisplatz;Tennis/Squash;11,426350374;47,273327874
39;Spielplatz Gutshofweg;Gutshofweg;Sportplatz;Spielplatz;11,418923701;47,273421672
40;Sportanlage VS Siebererstraße;Siebererstraße 7;Sportplatz;Spielplatz;11,403317777;47,273431495
41;Sportanlage HS Reichenau;Burghard-Breitner-Straße 20-22;Sportplatz;Spielplatz;11,424517643;47,273210621
42;Sportanlage HS Reichenau;Burghard-Breitner-Straße 20-22;Sporthalle;Sporthalle;11,425120888;47,273281403
43;Tennisclub IEV;Reichenauer Straße 144;Tennisplatz;Tennis/Squash;11,427481986;47,273239473
44;Tennisclub IEV;Reichenauer Straße 144;Tennisplatz;Tennis/Squash;11,427489706;47,272971814
45;Tennisclub IEV;Reichenauer Straße 144;Tennisplatz;Tennis/Squash;11,427264852;47,272967951
46;Tennisclub IEV;Reichenauer Straße 144;Tennisplatz;Tennis/Squash;11,4270392;47,272963993
47;Tennisclub IEV;Reichenauer Straße 144;Tennisplatz;Tennis/Squash;11,426814185;47,272960063
48;Tennisclub IEV;Reichenauer Straße 144;Tennisplatz;Tennis/Squash;11,426589171;47,272956133
49;Tennisclub IEV;Reichenauer Straße 144;Tennisplatz;Tennis/Squash;11,426364604;47,272952252
50;Sportanlage HS Reichenau;Burghard-Breitner-Straße 20-22;Sporthalle;Sporthalle;11,424871782;47,273010842
51;Sportanlage VS Siebererstraße;Siebererstraße 7;Sporthalle;Sporthalle;11,403881621;47,273149743
52;Schießstand Hegnerschule;Burghard-Breitner-Straße 20;Schießstandhalle;Sonstiges;11,424678052;47,272747553
53;Sportanlage VS Siebererstraße;Siebererstraße 7;Sporthalle;Sporthalle;11,403506128;47,272807839
54;Fußballplatz Olympisches Dorf;An-der-Lan-Straße;Fußballplatz;Fußball/Football;11,444761254;47,27211349
55;Tischtennishalle Hegnerschule;Burghard-Breitner-Straße 20;Sporthalle;Sporthalle;11,424785352;47,272579866
56;Kegelbahn Hegnerschule;Burghard-Breitner-Straße 20;Kegelbahn;Sporthalle;11,424988523;47,272586631
57;Sporthalle VS Reichenau;Wörndlestraße 3;Sporthalle;Sporthalle;11,418568757;47,272558214
58;Sportanlage VS Siebererstraße;Siebererstraße 7;Sporthalle;Sporthalle;11,40406219;47,272740721
59;Sporthalle VS Reichenau;Wörndlestraße 3;Sporthalle;Sporthalle;11,418327825;47,272469733
60;Spielplatz Sepp-Grünbacher-Promenade;Sepp-Grünbacher-Promenade;Sportplatz;Spielplatz;11,437819639;47,272156625
61;Tischtennis Verbandsraum VS Reichenau;Wörndlestraße 3;Sporthalle;Sporthalle;11,418284179;47,272219911
62;Spielplatz Grüner Boden;oberhalb Sadrachstraße 31;Sportplatz;Spielplatz;11,363486643;47,272573538
63;Tennis Union Turnerschaft Innsbruck;Radetzkystraße 41;Tennisplatz;Tennis/Squash;11,424425219;47,271876503
64;Tennis Union Turnerschaft Innsbruck;Radetzkystraße 41;Tennisplatz;Tennis/Squash;11,424212902;47,271820122
65;Tennis Union Turnerschaft Innsbruck;Radetzkystraße 41;Tennisplatz;Tennis/Squash;11,42400017;47,271763662
66;Tennis Union Turnerschaft Innsbruck;Radetzkystraße 41;Tennishalle;Tennis/Squash;11,423667122;47,271680147
67;Tennis Union Turnerschaft Innsbruck;Radetzkystraße 41;Tennishalle;Tennis/Squash;11,423450979;47,271622529
68;Tennis Union Turnerschaft Innsbruck;Radetzkystraße 41;Tennisplatz;Tennis/Squash;11,424609331;47,27155358
69;Tennis Union Turnerschaft Innsbruck;Radetzkystraße 41;Tennishalle;Tennis/Squash;11,42323497;47,271564902
70;Tennis Union Turnerschaft Innsbruck;Radetzkystraße 41;Tennisplatz;Tennis/Squash;11,42439791;47,271497456
71;Tennis Union Turnerschaft Innsbruck;Radetzkystraße 41;Tennisplatz;Tennis/Squash;11,424184857;47,271441095
72;Tennis Union Turnerschaft Innsbruck;Radetzkystraße 41;Tennisplatz;Tennis/Squash;11,423868479;47,271345945
73;Tennis Union Turnerschaft Innsbruck;Radetzkystraße 41;Tennisplatz;Tennis/Squash;11,423652389;47,271288742
74;Spielplatz Riedgasse;Riedgasse;Sportplatz;Spielplatz;11,388466629;47,271671039
75;Tennis Union Turnerschaft Innsbruck;Radetzkystraße 41;Beachvolleyballplatz;Funsport;11,424790748;47,271254416
76;Tennis Union Turnerschaft Innsbruck;Radetzkystraße 41;Tennisplatz;Tennis/Squash;11,423435993;47,271231578
77;Tennis Union Turnerschaft Innsbruck;Radetzkystraße 41;Beachvolleyballplatz;Funsport;11,424593023;47,271195535
78;Fußballplatz Fennerareal;Kaiserjägerstraße;Fußballplatz;Fußball/Football;11,399314387;47,271154274
79;Tennis Union Turnerschaft Innsbruck;Radetzkystraße 41;Beachvolleyballplatz;Funsport;11,424370982;47,271130113
80;Sporthalle VS St. Nikolaus;Innallee 3;Sporthalle;Sporthalle;11,392728616;47,271438949
81;Tennis Union Turnerschaft Innsbruck;Radetzkystraße 41;Tennisplatz;Tennis/Squash;11,423775127;47,271016988
82;Sporthalle HS Olympisches Dorf;Kajetan-Sweth-Straße 14;Sporthalle;Sporthalle;11,443251064;47,270530047
83;Tennis Union Turnerschaft Innsbruck;Radetzkystraße 41;Tennisplatz;Tennis/Squash;11,423830559;47,270905009
84;Schießstand Hötting;Schwabeneckweg 7;Schießstandhalle;Sonstiges;11,375426895;47,271149069
85;Turnleistungszentrum Olympisches Dorf;Kajetan-Sweth-Straße 14;Sporthalle;Sporthalle;11,443014133;47,270191067
86;Spielplatz Kajetan-Sweth-Straße;Kajetan-Sweth-Straße;Sportplatz;Spielplatz;11,443841399;47,269935823
87;Spielplatz Kindergarten Hötting;Schneeburggasse 30;Sportplatz;Spielplatz;11,381312996;47,270595741
88;Spielplatz Waltherpark;Innstraße;Sportplatz;Spielplatz;11,391943245;47,270432309
89;Fußballplatz Reichenau;Klappholzstraße 2;Fußballplatz;Fußball/Football;11,417850096;47,269343034
90;Sporthalle HS Pembaurstraße;Pembaurstraße 18;Sporthalle;Sporthalle;11,410779499;47,269435006
91;Sporthalle HS Gabelsbergerstraße;Gabelsbergerstraße 1;Sporthalle;Sporthalle;11,410491462;47,26938153
92;Fußballplatz Reichenau;Klappholzstraße 2;Fußballplatz;Fußball/Football;11,417208303;47,268957182
93;SVO Stockschützenverein Olympisches Dorf;Kugelfangweg 48;Bocciabahn;Sonstiges;11,447393694;47,26883399
94;Sporthalle VS Dreiheiligen;Jahnstraße 5;Sporthalle;Sporthalle;11,403428022;47,269068871
95;Spielplatz Durigstraße;Durigstraße;Sportplatz;Spielplatz;11,424603427;47,2687839
96;Spielplatz Andechsstraße;Andechsstraße;Sportplatz;Spielplatz;11,421998531;47,268520322
97;Schießstand Vereinsheim Reichenau;Valiergasse 8a;Schießstandhalle;Sonstiges;11,428001846;47,268038714
98;Sporthalle VS Mariahilf;Dr.-Sigismund-Epp-Weg 3;Sporthalle;Sporthalle;11,38594704;47,268300121
99;Sporthalle VS Pradl-Leitgeb;Pradler Platz 8;Sporthalle;Sporthalle;11,407745537;47,267529065
100;Sporthalle VS Allerheiligen;Karl-Innerebner-Straße 70;Sporthalle;Sporthalle;11,356427164;47,267981402
101;Bocciaanlage Stadtpark Rapoldi;Pradler Platz;Bocciabahn;Sonstiges;11,406602302;47,267377049
102;Sportanlage Andechsstraße;Andechsstraße 70;Fußballplatz;Fußball/Football;11,421784652;47,266906886
103;Sportanlage Stadtpark Rapoldi;Pradler Platz;Streetballplatz;Funsport;11,406720887;47,267219706
104;Sportanlage Stadtpark Rapoldi;Pradler Platz;Basketballplatz;Funsport;11,406510334;47,267059099
105;Sportanlage Andechsstraße;Andechsstraße 70;Beachvolleyballplatz;Funsport;11,421233461;47,266909974
106;Sportanlage Andechsstraße;Andechsstraße 70;Streetballplatz;Funsport;11,420877867;47,266956174
107;Spielplatz Lohbachufer;Lohbachufer;Skate-/Rollerbladeplatz;Funsport;11,343931872;47,267478166
108;Sportanlage Stadtpark Rapoldi;Pradler Platz;Streetballplatz;Funsport;11,406835823;47,267027934
109;Sportanlage Andechsstraße;Andechsstraße 70;Basketballplatz;Funsport;11,420690524;47,266863651
110;Sportanlage Andechsstraße;Andechsstraße 70;Streetballplatz;Funsport;11,420834353;47,266871251
111;Sportanlage Andechsstraße;Andechsstraße 70;Streetballplatz;Funsport;11,420790842;47,266786329
112;Sportanlage Andechsstraße;Andechsstraße 70;Beachsoccerplatz;Funsport;11,421136983;47,266722154
113;Kegelbahn HS Hötting West;Viktor-Franz-Hess-Straße 9;Kegelbahn;Sporthalle;11,344663886;47,267404137
114;Eisschützenclub Tirol;Egerdachstraße 71;Bocciabahn;Sonstiges;11,421501791;47,266389114
115;Spielplatz Lohbachufer;Lohbachufer;Sportplatz;Spielplatz;11,342503238;47,266968127
116;Eisschützenclub Tirol;Egerdachstraße 71;Bocciabahn;Sonstiges;11,421502098;47,266333155
117;Sporthalle HS Hötting West;Viktor-Franz-Hess-Straße 9;Sporthalle;Sporthalle;11,344788494;47,266886644
118;Eislaufplatz Sparkassenplatz;Sparkassenplatz;Eislaufplatz;Eissport;11,394822395;47,266016368
119;Skateplatz Amraser Hallenbad;Stadtpark Rapoldi;Skate-/Rollerbladeplatz;Funsport;11,405561275;47,265428028
120;Hallenbad Amraserstraße;Amraser Straße 3;Hallenbad;Schwimmen;11,405292589;47,265167198
121;Hallenbad Höttinger Au;Fürstenweg 12;Hallenbad;Schwimmen;11,380685167;47,265209572
122;Hallenbad Amraserstraße;Amraser Straße 3;Hallenbad;Schwimmen;11,405426127;47,264926148
123;Sportanlage HS Hötting;Fürstenweg 13;Sportplatz;Spielplatz;11,382279021;47,264763319
124;Spielplatz Kranewitterstraße;Kranewitterstraße;Sportplatz;Spielplatz;11,420077777;47,264593947
125;Sportanlage HS Hötting;Fürstenweg 13;Sporthalle;Sporthalle;11,381602365;47,264835818
126;Streetballplatz Arthur-Haidl-Promenade 1;Prandtauerufer;Streetballplatz;Funsport;11,3827467;47,264663165
127;Spielplatz Ursulinenpark;Ursulinenweg;Basketballplatz;Funsport;11,36548428;47,263504805
128;Sportanlage Ursulinengymnasium;Fürstenweg 86;Sportplatz;Spielplatz;11,369041389;47,262193899
129;Fitness- und Karatecenter Haslwanter;Reimmichlgasse 9;Fitnesscenter;Fitness/Klettern;11,368083449;47,262523936
130;Tennisplatz Kranebitter Allee;Kranebitter Allee;Tennisplatz;Tennis/Squash;11,349278287;47,262638194
131;Innsbrucker Taekwon-do-Center;Andreas-Hofer-Straße 5;Fitnesscenter;Fitness/Klettern;11,391552405;47,261748653
132;Streetballplatz Arthur-Haidl-Promenade 2;Fischnalerstraße;Streetballplatz;Funsport;11,380033388;47,261621726
133;Sporthalle HS Müllerstraße;Müllerstraße 38;Sporthalle;Sporthalle;11,388011886;47,261499076
134;Freibad Tivoli;Purtschellerstraße 1;Freibad;Schwimmen;11,406920389;47,26095385
135;Sporthalle HS Dr.-Fritz-Prior;Leopoldstraße 15;Sporthalle;Sporthalle;11,396779504;47,261032262
136;Freibad Tivoli;Purtschellerstraße 1;Freibad;Schwimmen;11,408328534;47,260590487
137;Freibad Tivoli;Purtschellerstraße 1;Freibad;Schwimmen;11,407073834;47,26057616
138;Freibad Tivoli;Purtschellerstraße 1;Freibad;Schwimmen;11,408682371;47,260261707
139;Sporthalle VS Angergasse;Angergasse 18;Sporthalle;Sporthalle;11,369550121;47,260483976
140;Spielplatz Angergasse;Angergasse;Sportplatz;Spielplatz;11,36996011;47,259942611
141;Eisschützenclub Tivoli;Bleichenweg 54;Bocciabahn;Sonstiges;11,434690689;47,259394842
142;Freibad Tivoli;Purtschellerstraße 1;Freibad;Schwimmen;11,408524892;47,259533157
143;Sporthalle VS Amras;Kirchsteig 8;Sporthalle;Sporthalle;11,428709364;47,258495165
144;Boccia-/Stockschießanlage Wilten West / Besele II;Innerkoflerstraße 11c;Bocciabahn;Sonstiges;11,384356195;47,258638558
145;Sportanlage HTBLVA II Trenkwalderstraße;Mitterweg 17;Sportplatz;Spielplatz;11,377160604;47,258558945
146;Boccia-/Stockschießanlage Wilten West / Besele I;Innerkoflerstraße 11b;Bocciabahn;Sonstiges;11,384137043;47,258577611
147;Sportanlage HTBLVA II Trenkwalderstraße;Mitterweg 17;Sporthalle;Sporthalle;11,376733693;47,258592127
148;Universitätssportanlagen;Fürstenweg 185;Tennisplatz;Tennis/Squash;11,360396655;47,25877709
149;Sparkassentennisclub;Fürstenweg 172b;Tennisplatz;Tennis/Squash;11,357882021;47,258637853
150;Olympiahalle;Olympiastraße 10;Eishalle;Eissport;11,409531491;47,257918875
151;Sparkassentennisclub;Fürstenweg 172b;Tennisplatz;Tennis/Squash;11,357672809;47,258582282
152;Tiroler Wasserkraft Arena;Olympiastraße 10;Eishalle;Eissport;11,410604562;47,257967711
153;Universitätssportanlagen;Fürstenweg 185;Tennisplatz;Tennis/Squash;11,360543648;47,258522517
154;Sparkassentennisclub;Fürstenweg 172b;Tennisplatz;Tennis/Squash;11,357464051;47,258527289
155;Universitätssportanlagen;Fürstenweg 185;Tennisplatz;Tennis/Squash;11,36030675;47,258508008
156;Spielplatz Pechegarten;Pechestraße;Sportplatz;Spielplatz;11,398994251;47,258221628
157;Universitätssportanlagen;Fürstenweg 185;Tennisplatz;Tennis/Squash;11,359964501;47,25848708
158;Fußballplatz Wilten West / Besele;Innerkoflerstraße 11;Fußballplatz;Fußball/Football;11,383945093;47,258011619
159;Universitätssportanlagen;Fürstenweg 185;Tennisplatz;Tennis/Squash;11,359727461;47,258472691
160;Sparkassentennisclub;Fürstenweg 172b;Tennisplatz;Tennis/Squash;11,357256071;47,258471868
161;Universitätssportanlagen;Fürstenweg 185;Tennisplatz;Tennis/Squash;11,359436755;47,258365064
162;Tennis- und Squashhallen West;Fürstenweg 172;Tennishalle;Tennis/Squash;11,355827205;47,258228103
163;Tennis- und Squashhallen West;Fürstenweg 172;Squashhalle;Tennis/Squash;11,356160901;47,258282574
164;Sparkassentennisclub;Fürstenweg 172b;Tennisplatz;Tennis/Squash;11,357641047;47,258219171
165;Sparkassentennisclub;Fürstenweg 172b;Tennisplatz;Tennis/Squash;11,35743202;47,258164329
166;Universitätssportanlagen;Fürstenweg 185;Tennisplatz;Tennis/Squash;11,360292124;47,258064575
167;Universitätssportanlagen;Fürstenweg 185;Tennisplatz;Tennis/Squash;11,359785547;47,258033792
168;Universitätssportanlagen;Fürstenweg 185;Tennisplatz;Tennis/Squash;11,35948279;47,258015146
169;Landessportcenter Tirol;Olympiastraße 10a;Hallenbad;Schwimmen;11,411184728;47,257506836
170;Tennis- und Squashhallen West;Fürstenweg 172;Tennishalle;Tennis/Squash;11,356168508;47,257912268
171;Eisschnelllaufring;Olympiastraße 10;Eislaufplatz;Eissport;11,408976942;47,257193135
172;Eisschnelllaufring;Olympiastraße 10;Eislaufplatz;Eissport;11,409864162;47,257090139
173;Universitätssportanlagen;Fürstenweg 185;Leichtathletikanlage;Sonstiges;11,358882444;47,257562926
174;Universitätssportanlagen;Fürstenweg 185;Leichtathletikanlage;Sonstiges;11,358314811;47,256967989
175;Universitätssportanlagen;Fürstenweg 185;Fußballplatz;Fußball/Football;11,358978874;47,257011485
176;Spielplatz Mitterweg;Mitterweg;Sportplatz;Spielplatz;11,370817399;47,257133834
177;Spielplatz Mitterweg;Mitterweg;Skate-/Rollerbladeplatz;Funsport;11,37061413;47,25707157
178;Universitätssportanlagen;Fürstenweg 185;Hallenbad;Schwimmen;11,355710433;47,25718508
179;Universitätssportanlagen;Fürstenweg 185;Fußballplatz;Fußball/Football;11,357504208;47,256658792
180;Universitätssportanlagen;Fürstenweg 185;Leichtathletikanlage;Sonstiges;11,3598564;47,256994444
181;Tivoli Stadion;Stadionstraße 1-1b;Fußballplatz;Fußball/Football;11,411139601;47,256075537
182;Universitätssportanlagen;Fürstenweg 185;Schießstandhalle;Sonstiges;11,354911966;47,256959119
183;Universitätssportanlagen;Fürstenweg 185;Fußballplatz;Fußball/Football;11,354367091;47,256621195
184;Kletterzentrum Tivoli;Stadionstraße 1;Kletterhalle;Fitness/Klettern;11,412083045;47,256349593
185;Universitätssportanlagen;Fürstenweg 185;Sporthalle;Sporthalle;11,356585593;47,25692336
186;Universitätssportanlagen;Fürstenweg 185;Sporthalle;Sporthalle;11,35666662;47,256829505
187;Universitätssportanlagen;Fürstenweg 185;Sporthalle;Sporthalle;11,356683024;47,256707476
188;Universitätssportanlagen;Fürstenweg 185;Sportplatz;Spielplatz;11,355233981;47,256567824
189;Olympiaworld;Olympiastraße 10;Fußballplatz;Fußball/Football;11,409771172;47,255875321
190;Universitätssportanlagen;Fürstenweg 185;Sporthalle;Sporthalle;11,356256493;47,256626035
191;Universitätssportanlagen;Fürstenweg 185;Sporthalle;Sporthalle;11,355773898;47,256673862
192;Tennisanlage ÖBB;Hauptfrachtenbahnhof;Tennisplatz;Tennis/Squash;11,403569134;47,256002388
193;Universitätssportanlagen;Fürstenweg 185;Kletterhalle;Fitness/Klettern;11,355827678;47,25652252
194;Universitätssportanlagen;Fürstenweg 185;Sporthalle;Sporthalle;11,356625174;47,256272579
195;Universitätssportanlagen;Fürstenweg 185;Sportplatz;Spielplatz;11,352479709;47,256245132
196;Universitätssportanlagen;Fürstenweg 185;Skate-/Rollerbladeplatz;Funsport;11,351961628;47,256328391
197;Universitätssportanlagen;Fürstenweg 185;Sportplatz;Spielplatz;11,355988088;47,256175818
198;Universitätssportanlagen;Fürstenweg 185;Sportplatz;Spielplatz;11,355398535;47,256144065
199;Universitätssportanlagen;Fürstenweg 185;Beachvolleyballplatz;Funsport;11,35144559;47,25624767
200;Tennisanlage ÖBB;Hauptfrachtenbahnhof;Tennisplatz;Tennis/Squash;11,40366197;47,255671182
201;Universitätssportanlagen;Fürstenweg 185;Beachvolleyballplatz;Funsport;11,351286034;47,256231002
202;Fitnessparkour Amras;Tummelplatzweg;Fitnessparkour;Fitness/Klettern;11,427065414;47,254496567
203;Universitätssportanlagen;Fürstenweg 185;Beachvolleyballplatz;Funsport;11,351126403;47,256214324
204;Universitätssportanlagen;Fürstenweg 185;Sporthalle;Sporthalle;11,351887265;47,256113189
205;Universitätssportanlagen;Fürstenweg 185;Kletterhalle;Fitness/Klettern;11,351768714;47,256020234
206;Sportanlage Hans-Flöckinger-Promenade;Hans-Flöckinger-Promenade;Sportplatz;Spielplatz;11,357031606;47,255939957
207;Sportanlage Hans-Flöckinger-Promenade;Hans-Flöckinger-Promenade;Sportplatz;Spielplatz;11,35650614;47,255908083
208;Sportanlage Hans-Flöckinger-Promenade;Hans-Flöckinger-Promenade;Skate-/Rollerbladeplatz;Funsport;11,355898561;47,255797246
209;Olympiaworld;Olympiastraße 10;Beachvolleyballplatz;Funsport;11,410054645;47,255248822
210;Sportanlage Hans-Flöckinger-Promenade;Hans-Flöckinger-Promenade;Basketballplatz;Funsport;11,356955113;47,255749726
211;Sportanlage Hans-Flöckinger-Promenade;Hans-Flöckinger-Promenade;Basketballplatz;Funsport;11,356632346;47,25572997
212;Funsportzentrum Innsbruck;Paschbergweg 3;Sporthalle;Sporthalle;11,40738489;47,253780004
213;Sportplatz Stift Wilten;Klostergasse;Sportplatz;Spielplatz;11,400230466;47,254078341
214;Sportanlage PÄDAK;Pastorstraße 7;Leichtathletikanlage;Sonstiges;11,396000829;47,252722271
215;Sportanlage PÄDAK;Pastorstraße 7;Sportplatz;Spielplatz;11,395681895;47,252728791
216;Sportanlage PÄDAK;Pastorstraße 7;Sportplatz;Spielplatz;11,395462111;47,252424779
217;Sportanlage Sieglanger;Josef-Franz-Huter-Straße 72;Fußballplatz;Fußball/Football;11,355481733;47,252477661
218;Sportanlage Sieglanger;Josef-Franz-Huter-Straße 72;Sportplatz;Spielplatz;11,356587484;47,252505609
219;Sporthalle VS Sieglanger;Weingartnerstraße 26;Sporthalle;Sporthalle;11,366491264;47,252330143
220;Sprungschanze Bergisel;Bergisel;Sprungschanze;Wintersport;11,39954474;47,248648983
221;Tennisplätze Ziegelstadl;Völser Straße;Tennisplatz;Tennis/Squash;11,355921102;47,248817615
222;Tennisplätze Ziegelstadl;Völser Straße;Tennisplatz;Tennis/Squash;11,355455948;47,248726894
223;Spielplatz Grillhof;Grillhofweg 100;Sportplatz;Spielplatz;11,407306949;47,240601728
224;Sporthalle VS Innsbruck-Igls;Habichtstraße 9;Sporthalle;Sporthalle;11,406886495;47,232171198
225;Schießstand Igls;Igler Straße 58a;Schießstandhalle;Sonstiges;11,406429525;47,230028599
226;Skigebiet Patscherkofel;Bilgeristraße 24;Skigebiet;Wintersport;11,413392481;47,228932222
227;Eislaufplatz / Beachvolleyballplatz Igls;nahe Bilgeristraße 24;Eislauf-/Beachvolleyballpl.;Funsport;11,413883984;47,22912011
228;Skigebiet Patscherkofel;Bilgeristraße 24;Skigebiet;Wintersport;11,418588717;47,227242302
229;Reitarena Innsbruck-Igls;Römerstraße 50;Reitanlage;Sonstiges;11,426643766;47,227485558
230;Tennis Park Club Igls;Patscher Straße 21;Tennisplatz;Tennis/Squash;11,410369278;47,226857425
231;Tennis Park Club Igls;Patscher Straße 21;Tennisplatz;Tennis/Squash;11,410537663;47,226762999
232;Tennis Park Club Igls;Patscher Straße 21;Tennisplatz;Tennis/Squash;11,410705585;47,226668198
233;Reitarena Innsbruck-Igls;Römerstraße 50;Reithalle;Sonstiges;11,428805106;47,226432899
234;Tennis Park Club Igls;Patscher Straße 21;Tennisplatz;Tennis/Squash;11,41013869;47,226586288
235;Tennis Park Club Igls;Patscher Straße 21;Tennisplatz;Tennis/Squash;11,409963624;47,226443653
236;Tennis Park Club Igls;Patscher Straße 21;Tennisplatz;Tennis/Squash;11,409821847;47,226325209
237;Tennis Park Club Igls;Patscher Straße 21;Tennishalle;Tennis/Squash;11,410377327;47,225916255
238;Tennis Park Club Igls;Patscher Straße 21;Squashhalle;Tennis/Squash;11,410772796;47,226001569
239;Fußballplatz Igls;Heiligwasserweg;Fußballplatz;Fußball/Football;11,420904478;47,225396381
240;Tennis Park Club Igls;Patscher Straße 21;Tennisplatz;Tennis/Squash;11,410013419;47,225772147
241;Skigebiet Patscherkofel;Bilgeristraße 24;Skigebiet;Wintersport;11,423451893;47,223786641
242;Olympia Bob- und Rodelbahn;Römerstraße;Bobbahn;Wintersport;11,434736507;47,221038838
243;Skigebiet Patscherkofel;Bilgeristraße 24;Skigebiet;Wintersport;11,433263912;47,212455332
244;Klettergarten Ahrntal;Vill - Mülldeponie Ahrntal;Klettergarten;Fitness/Klettern;11,398955076;47,217322541
245;Klettergarten Ahrntal;Vill - Mülldeponie Ahrntal;Klettergarten;Fitness/Klettern;11,397181295;47,217135351
246;Klettergarten Goldbichl (ÖAV);Römerstraße;Klettergarten;Fitness/Klettern;11,41939489;47,21556058
247;Freibad Tivoli;Purtschellerstraße 1;Basketballplatz;Funsport;11,407656496;47,259545031
248;Freibad Tivoli;Purtschellerstraße 1;Sportplatz;Spielplatz;11,407849346;47,259037831
249;Freibad Tivoli;Purtschellerstraße 1;Skate-/Rollerbladeplatz;Funsport;11,408281572;47,258979156
250;Hypoxi Studio, Dobernig & Hintringer OEG;Viaduktbogen 53;Fitnesscenter;Fitness/Klettern;11,404299643;47,270924782
251;Fitnesscenter Lhotka;Innrain 11;Fitnesscenter;Fitness/Klettern;11,391384843;47,266632038
252;Fitnesscenter Kleewein;Grabenweg 67b;Fitnesscenter;Fitness/Klettern;11,438639625;47,265250305
253;Body-Mind;Andreas-Hofer-Straße 11-13;Fitnesscenter;Fitness/Klettern;11,391784104;47,260964216
254;Body-Mind;Andreas-Hofer-Straße 11-13;Fitnesscenter;Fitness/Klettern;11,391817814;47,260804037
255;Alfa Sports and SPA;Innrain 143;Fitnesscenter;Fitness/Klettern;11,377456259;47,256156233
256;Baggersee Minigolf;Archenweg;Minigolfanlage;Golf/Minigolf;11,447210222;47,267184135
257;Baggersee Minigolf;Archenweg;Skate-/Rollerbladeplatz;Funsport;11,447870382;47,26704848
258;Baggersee;Archenweg;Beachvolleyballplatz;Funsport;11,44671826;47,266905228
331;BMX-Dirtpark;Hans-Flöckinger-Promenade;Skate-/Rollerbladeplatz;Funsport;11,347403166;47,254430536
332;Spielplatz Sauerweinwiese;Kranebitterbodenweg;Sportplatz;Spielplatz;11,327870257;47,265324816
333;Baggersee;Archenweg;Sportplatz;Spielplatz;11,444694706;47,264862427
334;Tennis Park Club Igls;Patscher Straße 21;Tennisplatz;Tennis/Squash;11,411111054;47,226976379
335;Tennis Park Club Igls;Patscher Straße 21;Tennisplatz;Tennis/Squash;11,4107497;47,227150529
336;Tennis Park Club Igls;Patscher Straße 21;Tennisplatz;Tennis/Squash;11,41093363;47,227060241
337;Reitarena Innsbruck-Igls;Römerstraße 50;Reithalle;Sonstiges;11,427664929;47,22758449
338;Volkshaus Innsbruck Sportanlage;Radetzkystraße 47;Fußballplatz;Fußball/Football;11,425270579;47,270409618
339;Volkshaus Innsbruck Sportanlage;Radetzkystraße 47;Tennisplatz;Tennis/Squash;11,424844019;47,270925102
340;Volkshaus Innsbruck Sportanlage;Radetzkystraße 47;Tennisplatz;Tennis/Squash;11,425856967;47,270902504
341;Volkshaus Innsbruck Sportanlage;Radetzkystraße 47;Tennisplatz;Tennis/Squash;11,425647064;47,271165024
342;Volkshaus Innsbruck Sportanlage;Radetzkystraße 47;Tennisplatz;Tennis/Squash;11,425413233;47,271090244
343;Volkshaus Innsbruck Sportanlage;Radetzkystraße 47;Tennisplatz;Tennis/Squash;11,425204243;47,271023746
344;Volkshaus Innsbruck Sportanlage;Radetzkystraße 47;Tennisplatz;Tennis/Squash;11,425871534;47,27124427
345;Hallenbad Olympisches Dorf;Kugelfangweg 46;Hallenbad;Schwimmen;11,446984774;47,269449412
259;Baggersee;Archenweg;Bocciabahn;Sonstiges;11,447088415;47,266924323
260;Baggersee;Archenweg;Freibad;Schwimmen;11,446880259;47,265771005
261;Baggersee;Archenweg;Eislaufplatz;Eissport;11,449268958;47,266288749
262;Sportanlage Ursulinengymnasium;Fürstenweg 86;Hallenbad;Schwimmen;11,369732339;47,26271164
263;Sportanlage Ursulinengymnasium;Fürstenweg 86;Sporthalle;Sporthalle;11,369895292;47,262426031
264;Sportanlage PÄDAK;Pastorstraße 7;Sporthalle;Sporthalle;11,395080561;47,253075465
265;Volkshaus Innsbruck Sportanlage;Radetzkystraße 47;Kegelbahn;Sporthalle;11,424419127;47,270643668
266;Tennis- und Squashcenter;Stadlweg 40;Tennishalle;Tennis/Squash;11,430956929;47,266751823
267;Tennis- und Squashcenter;Stadlweg 40;Squashhalle;Tennis/Squash;11,431273524;47,266733508
268;Tennis- und Squashcenter;Stadlweg 40;Tennishalle;Tennis/Squash;11,431597708;47,266720216
269;Landessportcenter Tirol;Olympiastraße 10a;Sporthalle;Sporthalle;11,41131262;47,257194646
270;Landessportcenter Tirol;Olympiastraße 10a;Sporthalle;Sporthalle;11,411579125;47,257183497
271;ACT Fitness Studio Tivoli GmbH;Stadionstraße 1;Fitnesscenter;Fitness/Klettern;11,412258996;47,255910166
272;Inn-Lauf-Meilen;Karwendel Brücke bis New-Orleans-Brücke;Fitnessparkour;Fitness/Klettern;11,410334652;47,280359627
273;Body and Soul;Mitterweg 16;Fitnesscenter;Fitness/Klettern;11,376018038;47,259698566
274;Spielplatz SOS - Kinderdorf;Hermann-Gmeiner-Straße 51;Sportplatz;Spielplatz;11,446448543;47,260432682
275;Skigebiet Nordpark;Höhenstraße 145;Skigebiet;Wintersport;11,379665803;47,307607107
276;Sportanlage BHAK/BHAS Innsbruck;Karl-Schönherr-Straße 2;Sportplatz;Spielplatz;11,400411154;47,276106687
277;Sportkegelbahn VS Fischerstraße;Franz-Fischer-Straße 38;Kegelbahn;Sporthalle;11,389326458;47,258731539
278;Sporthalle VS Fischerstraße;Franz-Fischer-Straße 38;Sporthalle;Sporthalle;11,389209826;47,25887081
279;Sportanlage Wiesengasse;Wiesengasse 60;Fußballplatz;Fußball/Football;11,414256053;47,255090923
280;Sportanlage Wiesengasse;Wiesengasse 60;Fußballplatz;Fußball/Football;11,415164986;47,255245411
281;Sportanlage Wiesengasse;Wiesengasse 60;Fußballplatz;Fußball/Football;11,416150724;47,255380733
282;Freibad Tivoli;Purtschellerstraße 1;Beachvolleyballplatz;Funsport;11,407587947;47,259712708
283;Freibad Tivoli;Purtschellerstraße 1;Beachvolleyballplatz;Funsport;11,407547555;47,259836321
284;Happy Fitness;Mitterweg 21;Fitnesscenter;Fitness/Klettern;11,376139863;47,258167994
285;Sporthalle HTBLVA I Anichstraße;Anichstraße 26-28;Sporthalle;Sporthalle;11,388896968;47,265216564
286;Sporthalle HTBLVA I Anichstraße;Anichstraße 26-28;Sporthalle;Sporthalle;11,389280768;47,265022803
287;Sporthalle ITV - Innsbrucker Turnverein;Fallmerayerstraße 12;Sporthalle;Sporthalle;11,391511036;47,264069525
288;Sporthalle ITV - Innsbrucker Turnverein;Fallmerayerstraße 12;Sporthalle;Sporthalle;11,391244297;47,264029025
289;Sporthalle VS Hötting;Schulgasse 4;Sporthalle;Sporthalle;11,385931421;47,272308536
290;Sporthalle VS Hötting;Schulgasse 4;Sporthalle;Sporthalle;11,38595512;47,272107129
291;Judozentrum Innsbruck;Franz-Fischer-Straße 7c;Sporthalle;Sporthalle;11,39554619;47,258011899
292;Sporthalle Akademisches Gymnasium Innsbruck;Angerzellgasse 14;Sporthalle;Sporthalle;11,396964829;47,268048199
293;Sporthalle BG/BRG Sillgasse;Sillgasse 10;Sporthalle;Sporthalle;11,399071604;47,267338777
294;City Squash and Fitness;Hunoldstraße 5;Fitnesscenter;Fitness/Klettern;11,406158318;47,263404985
295;City Squash and Fitness;Hunoldstraße 5;Squashhalle;Tennis/Squash;11,405975241;47,263274859
296;Sporthalle BG/BRG Reithmannstraße;Reithmannstraße 1-3;Sporthalle;Sporthalle;11,415523281;47,271303753
297;Sporthalle BG/BRG Reithmannstraße;Reithmannstraße 1-3;Sporthalle;Sporthalle;11,415847872;47,270977765
298;Body and Soul Women;Amraser-See-Straße 60;Fitnesscenter;Fitness/Klettern;11,430664191;47,263464884
299;Vereinsheim Arzl;Schusterbergweg 15;Sporthalle;Sporthalle;11,431694772;47,281797463
300;Sporthalle VS Pradl-Ost / Siegmairschule;Siegmairstraße 1;Sporthalle;Sporthalle;11,421336149;47,264756
301;Sporthalle VS Pradl-Ost / Siegmairschule;Siegmairstraße 1;Sporthalle;Sporthalle;11,421902961;47,263906571
302;Tennisclub IEV;Reichenauer Straße 144;Beachvolleyballplatz;Funsport;11,42694038;47,273620145
303;Sportanlage Hötting West;Franz-Baumann-Weg 8;Leichtathletikanlage;Sonstiges;11,343610953;47,266998398
304;Sportanlage Hötting West;Franz-Baumann-Weg 8;Fußballplatz;Fußball/Football;11,34396439;47,267043996
305;Sportanlage Hötting West;Franz-Baumann-Weg 8;Fußballplatz;Fußball/Football;11,343171244;47,266908657
306;Sportanlage Hötting West;Franz-Baumann-Weg 8;Basketballplatz;Funsport;11,344185265;47,266467701
307;Sportanlage Hötting West;Franz-Baumann-Weg 8;Eislauf-/Beachvolleyballpl.;Funsport;11,343895979;47,266431792
308;Tivoli Leichtathletikanlage;Stadionstraße 1, Zugang Wiesengasse;Leichtathletikanlage;Sonstiges;11,408388814;47,255723906
309;Tivoli Leichtathletikanlage;Stadionstraße 1, Zugang Wiesengasse;Basketballplatz;Funsport;11,408735026;47,256325707
310;Tivoli Leichtathletikanlage;Stadionstraße 1, Zugang Wiesengasse;Fußballplatz;Fußball/Football;11,408912156;47,255784599
311;Tivoli Leichtathletikanlage;Stadionstraße 1, Zugang Wiesengasse;Leichtathletikanlage;Sonstiges;11,40843949;47,256258329
312;Tivoli Leichtathletikanlage;Stadionstraße 1, Zugang Wiesengasse;Leichtathletikanlage;Sonstiges;11,408744066;47,255183133
313;Tivoli Leichtathletikanlage;Stadionstraße 1, Zugang Wiesengasse;Leichtathletikanlage;Sonstiges;11,409388162;47,255235147
314;Tivoli Leichtathletikanlage;Stadionstraße 1, Zugang Wiesengasse;Leichtathletikanlage;Sonstiges;11,40960696;47,255088891
315;Tivoli Leichtathletikanlage;Stadionstraße 1, Zugang Wiesengasse;Leichtathletikanlage;Sonstiges;11,408878288;47,2551338
316;Fun-Court;Olympiastraße;Sportplatz;Spielplatz;11,408030111;47,258603647
317;Fun-Court;Olympiastraße;Streetballplatz;Funsport;11,407496544;47,258570581
318;Fun-Court;Olympiastraße;Sportplatz;Spielplatz;11,40751236;47,258430897
319;Freibad Gruberhof;Heiligwasserweg;Freibad;Schwimmen;11,415301539;47,228429304
320;Olympia Golf;Badhausstraße;Golfplatz;Golf/Minigolf;11,424125162;47,224460827
321;Billard-Sport-Arena;Bachlechnerstraße 46;Billard;Sonstiges;11,375669881;47,264522232
322;At Charly´s Friends;Adamgasse 23;Billard;Sonstiges;11,398642827;47,260846172
323;Pool Café;Müllerstraße 27;Billard;Sonstiges;11,390696587;47,261066513
324;Billardlokal Verein Little Pool Team Innsbruck;Reichenauer Straße 19;Billard;Sonstiges;11,410479309;47,270304416
325;Billardlokal Tiroler Pool Billard Trainingszentrum;Dörrstraße 51;Billard;Sonstiges;11,437208898;47,27857605
326;Billardlokal Verein BC Grand Prix Innsbruck;Innrain 102;Billard;Sonstiges;11,378540289;47,257703545
327;WUB-Skatehalle;Matthias-Schmid-Straße 12;Skate-/Rollerbladehalle;Funsport;11,414491172;47,277074832
328;Funsportzentrum Innsbruck;Paschbergweg 3;Tennishalle;Tennis/Squash;11,407089216;47,254302271
329;Sporthalle BORG Fallmerayerstraße;Fallmerayerstraße 7;Sporthalle;Sporthalle;11,393195389;47,263281975
330;Minigolf Kranebitter Hof;Kranebitter Allee 203;Minigolfanlage;Golf/Minigolf;11,328755366;47,262163218
